{ 
  "author" : "Press Play on Tape",
  "binaries" : [ { 
        "cartimage" : "australian-500-arduboymini_cartimage.png",
        "device" : "ArduboyMini",
        "filename" : "australian-500-arduboymini.hex",
        "flashdata" : "australian-500-arduboymini_data.bin",
        "flashsave" : "australian-500-arduboymini_save.bin",
        "title" : "Australian 500 - ArduboyMini"
      } ],
  "contributors" : [  ],
  "description" : "Australian 500 card game.",
  "email" : "",
  "genre" : "",
  "schemaVersion" : 4,
  "sourceUrl" : "",
  "title" : "Australian 500",
  "url" : "",
  "version" : "V1.0"
}
